post_title,post_name,post_parent,ID,post_content,post_excerpt,post_status,post_password,menu_order,post_date,post_author,comment_status,sku,parent_sku,children,downloadable,virtual,stock,regular_price,sale_price,weight,length,width,height,tax_class,visibility,stock_status,backorders,sold_individually,low_stock_amount,manage_stock,tax_status,upsell_ids,crosssell_ids,purchase_note,sale_price_dates_from,sale_price_dates_to,download_limit,download_expiry,product_url,button_text,images,downloadable_files,product_page_url,meta:total_sales,tax:product_type,tax:product_visibility,tax:product_cat,tax:product_tag,tax:product_shipping_class
"ISTIKBAL Multifunctional Furniture Living Room Sofa Bed Regata Collection (Diego Grey)",istikbal-multifunctional-furniture-living-room-set-argos-collection-zilkade-brown-sofa,,15,"<h2><b>ISTIKBAL Multifunctional Furniture Living Room Sofa Bed Regata Collection (Diego Grey)</b></h2>
<b>Brand:</b> Istikbal

<b>Color:</b> Diego Grey

<b>Features:</b>
<ul>
 	<li>SOFA: This sleek armless sofa comes complete with firm comfortable cushions, subtle tufted detailing, accenting decorative pillows and discreet chrome legs.</li>
 	<li>SLEEPER: Lift this loveseat up to reveal built-in storage space that easily holds your bedding and household items.</li>
 	<li>STORAGE: Fold it down to uncover a comfortable sleeper for midday naps and overnight guests.</li>
 	<li>CONTEMPORARY: Allow this versatile piece to blend perfectly into any space and enjoy contemporary style, superior comfort and convenient functionality packed into one sleek sofa.</li>
</ul>",,publish,,0,"2022-09-12 17:12:22",1,open,,,,no,no,,899,,,,,,,,instock,no,no,,no,taxable,,,,,,'-1,'-1,,,"https://sofafreedom.furniture/wp-content/uploads/2022/09/91thS2CDVZL._AC_SL1500_360x.jpg ! alt :  ! title : 91thS2CDVZL._AC_SL1500_360x ! desc :  ! caption :  | https://sofafreedom.furniture/wp-content/uploads/2022/09/41PvJwabuQL_1800x1800.jpg ! alt :  ! title : 41PvJwabuQL_1800x1800 ! desc :  ! caption :  | https://sofafreedom.furniture/wp-content/uploads/2022/09/411W0D7ZiML_1800x1800.jpg ! alt :  ! title : 411W0D7ZiML_1800x1800 ! desc :  ! caption :  | https://sofafreedom.furniture/wp-content/uploads/2022/09/41QwnQpHutL_697ff551-8b57-45ff-9a75-c659de89452f_1800x1800.jpg ! alt :  ! title : 41QwnQpHutL_697ff551-8b57-45ff-9a75-c659de89452f_1800x1800 ! desc :  ! caption :  | https://sofafreedom.furniture/wp-content/uploads/2022/09/31OeAzTwxEL_6d2acf8a-ed5c-48cb-8c18-c106c36ad098_1800x1800.jpg ! alt :  ! title : 31OeAzTwxEL_6d2acf8a-ed5c-48cb-8c18-c106c36ad098_1800x1800 ! desc :  ! caption :  | https://sofafreedom.furniture/wp-content/uploads/2022/09/412WIWkRnkL_1800x1800.jpg ! alt :  ! title : 412WIWkRnkL_1800x1800 ! desc :  ! caption :  | https://sofafreedom.furniture/wp-content/uploads/2022/09/91thS2CDVZL._AC_SL1500_1800x1800.jpg ! alt :  ! title : 91thS2CDVZL._AC_SL1500_1800x1800 ! desc :  ! caption : ",,https://sofafreedom.furniture/?product=istikbal-multifunctional-furniture-living-room-set-argos-collection-zilkade-brown-sofa,0,simple,,Uncategorized,,
"Istikbal Multifunctional Furniture Living Room Set Argos Collection (Zilkade Brown, Sofa)",istikbal-multifunctional-furniture-living-room-set-argos-collection-zilkade-brown-sofa-2,,17,"<h2><b>Istikbal Multifunctional Furniture Living Room Set Argos Collection (Zilkade Brown, Sofa)</b></h2>
<b>Brand:</b> Istikbal

<b>Color:</b> Zilkade Brown

<b>Features:</b>
<ul>
 	<li>EPITOME OF GRANDEUR: The Argos is the epitome of grandeur in every aspect of its design. A vintage beauty with a modern personality, Argos features eye-catching scalloped tufting stitched throughout its seating area and rich wood detail integrated into its base for a look that’s impressive from top to bottom.</li>
 	<li>BUILT-IN STORAGE: Argos offers built-in storage space to cleverly conceal your living room clutter.</li>
 	<li>INNERSPRING SLEEPER: Fold down sleeper for a cozy place to snooze the day away or host an overnight guest.</li>
 	<li>PERFORMANCE FABRIC: Long lasting performance fabric that stands up to extra wear and tear without sacrificing style. It is manufactured to meet the demands of commercial use in addition to residential.</li>
</ul>",,publish,,0,"2022-09-12 17:12:56",1,open,,,,no,no,,891,,,,,,,,instock,no,no,,no,taxable,,,,,,'-1,'-1,,,"https://sofafreedom.furniture/wp-content/uploads/2022/09/41DHyUwQJrL_360x-1.jpg ! alt :  ! title : 41DHyUwQJrL_360x ! desc :  ! caption :  | https://sofafreedom.furniture/wp-content/uploads/2022/09/41liGewuaUL_1800x1800.jpg ! alt :  ! title : 41liGewuaUL_1800x1800 ! desc :  ! caption :  | https://sofafreedom.furniture/wp-content/uploads/2022/09/41VZ1WZoqAL_1800x1800.jpg ! alt :  ! title : 41VZ1WZoqAL_1800x1800 ! desc :  ! caption :  | https://sofafreedom.furniture/wp-content/uploads/2022/09/41QOpixGNJL_e1773aa4-344f-4343-8ba9-87d481df8efa_1800x1800.jpg ! alt :  ! title : 41QOpixGNJL_e1773aa4-344f-4343-8ba9-87d481df8efa_1800x1800 ! desc :  ! caption :  | https://sofafreedom.furniture/wp-content/uploads/2022/09/41KlPb9nuYL_1a1e77ce-5ad1-4047-a8f0-919b98097d1a_1800x1800.jpg ! alt :  ! title : 41KlPb9nuYL_1a1e77ce-5ad1-4047-a8f0-919b98097d1a_1800x1800 ! desc :  ! caption :  | https://sofafreedom.furniture/wp-content/uploads/2022/09/41DHyUwQJrL_1800x1800.jpg ! alt :  ! title : 41DHyUwQJrL_1800x1800 ! desc :  ! caption : ",,https://sofafreedom.furniture/?product=istikbal-multifunctional-furniture-living-room-set-argos-collection-zilkade-brown-sofa-2,0,simple,,"SLEEPER SOFA",,
"ISTIKBAL 90"" Round Arms Sofa Bed",istikbal-90-round-arms-sofa-bed,,34,"<h2>ISTIKBAL 90"" Round Arms Sofa</h2>
<ul class=""a-unordered-list a-vertical a-spacing-mini"">
 	<li><span class=""a-list-item"">MODERN DESIGN: Enjoy this masterfully modern piece in your choice of two contrasting neutral color palettes that were designed to artfully accent any design scheme.</span></li>
 	<li><span class=""a-list-item"">BUILT-IN STORAGE: Kick your feet up and enjoy a reclining profile that perches you in the perfect seating position or flip the seats up to reveal a spacious hidden storage compartment ready to be stuffed with comfort items and living room essentials.</span></li>
 	<li><span class=""a-list-item"">INNERSPRING SLEEPER: Lift up Alfa’s seats and listen for the click to fold this sofa down into a sprawling innerspring sleeper that lets overnight guests snuggle up in magnificent comfort.</span></li>
 	<li><span class=""a-list-item"">PERFORMANCE FABRIC: Long lasting performance fabric that stands up to extra wear and tear without sacrificing style. It is manufactured to meet the demands of commercial use in addition to residential.</span></li>
</ul>",,publish,,0,"2022-09-12 18:53:34",1,open,,,,no,no,,900,799,,,,,,,instock,no,no,,no,taxable,,,,,,'-1,'-1,,,"https://sofafreedom.furniture/wp-content/uploads/2022/09/RoundArmsSofa_360x.jpg ! alt :  ! title : RoundArmsSofa_360x ! desc :  ! caption :  | https://sofafreedom.furniture/wp-content/uploads/2022/09/81Tyd5yUyML._AC_SL1500_1800x1800.jpg ! alt :  ! title : 81Tyd5yUyML._AC_SL1500_1800x1800 ! desc :  ! caption :  | https://sofafreedom.furniture/wp-content/uploads/2022/09/61wtzq8dYcL._AC_SL1436_1800x1800.jpg ! alt :  ! title : 61wtzq8dYcL._AC_SL1436_1800x1800 ! desc :  ! caption :  | https://sofafreedom.furniture/wp-content/uploads/2022/09/90RoundArmsSofa22_1800x1800.jpg ! alt :  ! title : 90RoundArmsSofa22_1800x1800 ! desc :  ! caption :  | https://sofafreedom.furniture/wp-content/uploads/2022/09/90RoundArmsSofa_1800x1800.jpg ! alt :  ! title : 90RoundArmsSofa_1800x1800 ! desc :  ! caption :  | https://sofafreedom.furniture/wp-content/uploads/2022/09/RoundArmsSofa2_1800x1800.jpg ! alt :  ! title : RoundArmsSofa2_1800x1800 ! desc :  ! caption :  | https://sofafreedom.furniture/wp-content/uploads/2022/09/RoundArmsSofa_1800x1800.jpg ! alt :  ! title : RoundArmsSofa_1800x1800 ! desc :  ! caption : ",,https://sofafreedom.furniture/?product=istikbal-90-round-arms-sofa-bed,0,simple,,"SLEEPER SOFA",,
"Istikbal Multifunctional Furniture Living Room Set Vision Collection (Grey, Sofa)",istikbal-multifunctional-furniture-living-room-set-vision-collection-grey-sofa,,56,"<h2><b>Istikbal Multifunctional Furniture Living Room Set Vision Collection (Grey, Sofa)</b></h2>
<b>Brand:</b> Istikbal

<b>Color:</b> Grey

<b>Features:</b>
<ul>
 	<li>INNERSPRING SLEEPER: Its built-in innerspring sleeper lets you take a relaxing break from your workday or offers a comfy place for overnight guests to stay.</li>
 	<li>BUILT-IN STORAGE: Ditch the storage cubes that take away from the ambiance of the room and take advantage of Vision’s cleverly concealed storage space just below its seats.</li>
 	<li>CENTERPIECE: Make this sofa the centerpiece of your living room or use it to elevate your home office or guest room.</li>
 	<li>PERFORMANCE FABRIC: Long lasting performance fabric that stands up to extra wear and tear without sacrificing style. It is manufactured to meet the demands of commercial use in addition to residential.</li>
</ul>",,publish,,0,"2022-09-12 19:45:04",1,open,,,,no,no,,999,,,,,,,,instock,no,no,,no,taxable,,,,,,'-1,'-1,,,"https://sofafreedom.furniture/wp-content/uploads/2022/09/91eupqpeVqL._AC_SL1500_360x.jpg ! alt :  ! title : 91eupqpeVqL._AC_SL1500_360x ! desc :  ! caption :  | https://sofafreedom.furniture/wp-content/uploads/2022/09/41Z855osLTL_1800x1800.jpg ! alt :  ! title : 41Z855osLTL_1800x1800 ! desc :  ! caption :  | https://sofafreedom.furniture/wp-content/uploads/2022/09/41h332YJnUL_8f8f91c0-6a10-4ff2-93c5-a19a6865fa46_1800x1800.jpg ! alt :  ! title : 41h332YJnUL_8f8f91c0-6a10-4ff2-93c5-a19a6865fa46_1800x1800 ! desc :  ! caption :  | https://sofafreedom.furniture/wp-content/uploads/2022/09/41VO0fcPQ9L_1800x1800.jpg ! alt :  ! title : 41VO0fcPQ9L_1800x1800 ! desc :  ! caption :  | https://sofafreedom.furniture/wp-content/uploads/2022/09/41x5M7X2JOL_74e790a8-afae-4066-9dcf-796d7809c021_1800x1800.jpg ! alt :  ! title : 41x5M7X2JOL_74e790a8-afae-4066-9dcf-796d7809c021_1800x1800 ! desc :  ! caption :  | https://sofafreedom.furniture/wp-content/uploads/2022/09/41JoMCleFwL_1800x1800.jpg ! alt :  ! title : 41JoMCleFwL_1800x1800 ! desc :  ! caption :  | https://sofafreedom.furniture/wp-content/uploads/2022/09/91eupqpeVqL._AC_SL1500_1800x1800.jpg ! alt :  ! title : 91eupqpeVqL._AC_SL1500_1800x1800 ! desc :  ! caption : ",,https://sofafreedom.furniture/?product=istikbal-multifunctional-furniture-living-room-set-vision-collection-grey-sofa,0,simple,,"SLEEPER SOFA",,
"ISTIKBAL Multifunctional Furniture Living Room Sofa Bed Fantasy Collection (Valencia Grey)",istikbal-multifunctional-furniture-living-room-sofa-bed-fantasy-collection-valencia-grey,,64,"<h2><b>ISTIKBAL Multifunctional Furniture Living Room Sofa Bed Fantasy Collection (Valencia Grey)</b></h2>
<b>Brand:</b> Istikbal

<b>Color:</b> Valencia Grey

<b>Features:</b>
<ul>
 	<li>SOFA: With bold trend setting details, the Fantasy Sleeper Sofa is simply iconic. Uniquely pleated seating, sleek chrome detailing, and removable armrest and back cushions create a modern look that’s sure to get everyone talking.</li>
 	<li>SLEEPER: Offer guests a satisfyingly comfortable place to stay the night by simply folding this sofa down and transitioning it into a queen-sized sleeper.</li>
 	<li>STORAGE: Pull the seat out to reveal cleverly concealed storage space, perfect for tucking away bedding, electronics, toys and more.</li>
 	<li>SUPERIOR COMFORT Fantasy’s superior comfort and chic style create the perfect setting for making memories with friends and family.</li>
</ul>",,publish,,0,"2022-09-12 19:48:27",1,open,,,,no,no,,1199,,,,,,,,instock,no,no,,no,taxable,,,,,,'-1,'-1,,,"https://sofafreedom.furniture/wp-content/uploads/2022/09/ISTIKBALMultifunctionalFurnitureLivingRoomSofaBedFantasyCollection_ValenciaGrey_360x.jpg ! alt :  ! title : ISTIKBALMultifunctionalFurnitureLivingRoomSofaBedFantasyCollection_ValenciaGrey_360x ! desc :  ! caption :  | https://sofafreedom.furniture/wp-content/uploads/2022/09/41073x_juEL_1800x1800.jpg ! alt :  ! title : 41073x_juEL_1800x1800 ! desc :  ! caption :  | https://sofafreedom.furniture/wp-content/uploads/2022/09/4138AEHwCDL_1800x1800.jpg ! alt :  ! title : 4138AEHwCDL_1800x1800 ! desc :  ! caption :  | https://sofafreedom.furniture/wp-content/uploads/2022/09/41-9CUMpd8L_2619b112-6ac5-4844-8cbe-d5cb7a5713f3_1800x1800.jpg ! alt :  ! title : 41-9CUMpd8L_2619b112-6ac5-4844-8cbe-d5cb7a5713f3_1800x1800 ! desc :  ! caption :  | https://sofafreedom.furniture/wp-content/uploads/2022/09/31Xh9_gAXEL_4af4a36b-93c1-4eaa-bc93-30875471ab96_1800x1800.jpg ! alt :  ! title : 31Xh9_gAXEL_4af4a36b-93c1-4eaa-bc93-30875471ab96_1800x1800 ! desc :  ! caption :  | https://sofafreedom.furniture/wp-content/uploads/2022/09/415ZwFVlwEL_1800x1800.jpg ! alt :  ! title : 415ZwFVlwEL_1800x1800 ! desc :  ! caption :  | https://sofafreedom.furniture/wp-content/uploads/2022/09/ISTIKBALMultifunctionalFurnitureLivingRoomSofaBedFantasyCollection_ValenciaGrey_1800x1800.jpg ! alt :  ! title : ISTIKBALMultifunctionalFurnitureLivingRoomSofaBedFantasyCollection_ValenciaGrey_1800x1800 ! desc :  ! caption : ",,https://sofafreedom.furniture/?product=istikbal-multifunctional-furniture-living-room-sofa-bed-fantasy-collection-valencia-grey,0,simple,,"SLEEPER SOFA",,
"Istikbal Tahoe 3 seat sleeper sofa bed",istikbal-tahoe-3-seat-sleeper-sofa-bed,,74,"When it comes time to host an unexpected overnight guest, simply pull your bedding out from the storage space and fold this sofa down to reveal an instant innerspring bed for a cozy place to spend the night. Underneath Tahoe’s roomy seats lies hidden storage space for you to store all your blankets, pillows, and any other living room essentials. Sit in style on a modern design that drips with mid-century influence, boasting a trendy geometric pattern covering pillows that creates a stylish contrast to the muted charcoal hue of the collection’s soft to the touch fabric .Long lasting performance fabric that stands up to extra wear and tear without sacrificing style. It is manufactured to meet the demands of commercial use in addition to residential.
<h5><b>Features:</b></h5>
<ul>
 	<li><strong>SLEEPER</strong>: When it comes time to host an unexpected overnight guest, simply pull your bedding out from the storage space and fold this sofa down to reveal an instant innerspring bed for a cozy place to spend the night.</li>
 	<li>BUILT-IN <strong>STORAGE</strong>: Hidden storage space for you to store all your blankets, pillows, and any other living room essentials.</li>
 	<li>GEOMETRIC PATTERN: Sit in style on a modern design that drips with mid-century influence, boasting a trendy geometric pattern covering the pillows that creates a stylish contrast to the muted charcoal hue of the collection’s soft to the touch fabric.</li>
 	<li>PERFORMANCE <strong>FABRIC</strong>: Long lasting performance fabric that stands up to extra wear and tear without sacrificing style. It is manufactured to meet the demands of commercial use in addition to residential.</li>
</ul>",,publish,,0,"2022-09-12 19:59:55",1,open,,,,no,no,,999,,,,,,,,instock,no,no,,no,taxable,,,,,,'-1,'-1,,,"https://sofafreedom.furniture/wp-content/uploads/2022/09/71y2k-lEPJL._AC_SL1500_360x.jpg ! alt :  ! title : 71y2k-lEPJL._AC_SL1500_360x ! desc :  ! caption :  | https://sofafreedom.furniture/wp-content/uploads/2022/09/31IsU6tdicL_1800x1800.jpg ! alt :  ! title : 31IsU6tdicL_1800x1800 ! desc :  ! caption :  | https://sofafreedom.furniture/wp-content/uploads/2022/09/31KWXrXTDGL_1800x1800.jpg ! alt :  ! title : 31KWXrXTDGL_1800x1800 ! desc :  ! caption :  | https://sofafreedom.furniture/wp-content/uploads/2022/09/41U6TNVSBFL_4cd5d281-a5ad-4e74-a96f-592f7cb7ce5c_1800x1800.jpg ! alt :  ! title : 41U6TNVSBFL_4cd5d281-a5ad-4e74-a96f-592f7cb7ce5c_1800x1800 ! desc :  ! caption :  | https://sofafreedom.furniture/wp-content/uploads/2022/09/41Pk_7LAmhL_dd8def26-225f-4fd8-88b7-c8db860f32ad_1800x1800.jpg ! alt :  ! title : 41Pk_7LAmhL_dd8def26-225f-4fd8-88b7-c8db860f32ad_1800x1800 ! desc :  ! caption :  | https://sofafreedom.furniture/wp-content/uploads/2022/09/31S9NHXpmrL_1800x1800.jpg ! alt :  ! title : 31S9NHXpmrL_1800x1800 ! desc :  ! caption :  | https://sofafreedom.furniture/wp-content/uploads/2022/09/71y2k-lEPJL._AC_SL1500_1800x1800.jpg ! alt :  ! title : 71y2k-lEPJL._AC_SL1500_1800x1800 ! desc :  ! caption : ",,https://sofafreedom.furniture/?product=istikbal-tahoe-3-seat-sleeper-sofa-bed,0,simple,,"SLEEPER SOFA",,
"Istikbal Multifunctional Furniture Living Room Set Tahoe Collection (Melson Dark Grey, Sofa)",istikbal-multifunctional-furniture-living-room-set-tahoe-collection-melson-dark-grey-sofa,,82,"<h2><b>Istikbal Multifunctional Furniture Living Room Set Tahoe Collection (Melson Dark Grey, Sofa)</b></h2>
<b>Brand:</b> Istikbal

<b>Color:</b> Melson Dark Grey

<b>Features:</b>
<ul>
 	<li>SLEEPER: When it comes time to host an unexpected overnight guest, simply pull your bedding out from the storage space and fold this sofa down to reveal an instant innerspring bed for a cozy place to spend the night.</li>
 	<li>BUILT-IN STORAGE: Underneath Tahoe’s roomy seats lies hidden storage space for you to store all your blankets, pillows, and any other living room essentials.</li>
 	<li>GEOMETRIC PATTERN: Sit in style on a modern design that drips with mid-century influence, boasting a trendy geometric pattern covering pillows that creates a stylish contrast to the muted charcoal hue of the collection’s soft to the touch fabric.</li>
 	<li>PERFORMANCE FABRIC: Long lasting performance fabric that stands up to extra wear and tear without sacrificing style. It is manufactured to meet the demands of commercial use in addition to residential.</li>
</ul>",,publish,,0,"2022-09-12 20:57:33",1,open,,,,no,no,,900,799,,,,,,,instock,no,no,,no,taxable,,,,,,'-1,'-1,,,"https://sofafreedom.furniture/wp-content/uploads/2022/09/51iL_EU5moL._AC_SL1000_360x.jpg ! alt :  ! title : 51iL_EU5moL._AC_SL1000_360x ! desc :  ! caption :  | https://sofafreedom.furniture/wp-content/uploads/2022/09/310I5eO5hLL_1800x1800.jpg ! alt :  ! title : 310I5eO5hLL_1800x1800 ! desc :  ! caption :  | https://sofafreedom.furniture/wp-content/uploads/2022/09/31S8uq_or1L_1800x1800.jpg ! alt :  ! title : 31S8uq_or1L_1800x1800 ! desc :  ! caption :  | https://sofafreedom.furniture/wp-content/uploads/2022/09/41U6TNVSBFL_1800x1800.jpg ! alt :  ! title : 41U6TNVSBFL_1800x1800 ! desc :  ! caption :  | https://sofafreedom.furniture/wp-content/uploads/2022/09/41Pk_7LAmhL_1800x1800.jpg ! alt :  ! title : 41Pk_7LAmhL_1800x1800 ! desc :  ! caption :  | https://sofafreedom.furniture/wp-content/uploads/2022/09/317rq9daR9L_1800x1800.jpg ! alt :  ! title : 317rq9daR9L_1800x1800 ! desc :  ! caption :  | https://sofafreedom.furniture/wp-content/uploads/2022/09/51iL_EU5moL._AC_SL1000_1800x1800.jpg ! alt :  ! title : 51iL_EU5moL._AC_SL1000_1800x1800 ! desc :  ! caption : ",,https://sofafreedom.furniture/?product=istikbal-multifunctional-furniture-living-room-set-tahoe-collection-melson-dark-grey-sofa,0,simple,,"SLEEPER SOFA",,
"ISTIKBAL Multifunctional Furniture Living Room Sofa Bed Fantasy Collection (Light Brown)",istikbal-multifunctional-furniture-living-room-sofa-bed-fantasy-collection-light-brown,,91,"<h2><b>ISTIKBAL Multifunctional Furniture Living Room Sofa Bed Fantasy Collection (Light Brown)</b></h2>
<b>Brand:</b> Istikbal

<b>Color:</b> Light Brown

<b>Features:</b>
<ul>
 	<li>SOFA: With bold trend setting details, the Fantasy Sleeper Sofa is simply iconic. Uniquely pleated seating, sleek chrome detailing, and removable armrest and back cushions create a modern look that’s sure to get everyone talking.</li>
 	<li>SLEEPER: Offer guests a satisfyingly comfortable place to stay the night by simply folding this sofa down and transitioning it into a queen-sized sleeper.</li>
 	<li>STORAGE: Pull the seat out to reveal cleverly concealed storage space, perfect for tucking away bedding, electronics, toys and more.</li>
 	<li>SUPERIOR COMFORT Fantasy’s superior comfort and chic style create the perfect setting for making memories with friends and family.</li>
</ul>",,publish,,0,"2022-09-12 21:00:16",1,open,,,,no,no,,1299,1199,,,,,,,instock,no,no,,no,taxable,,,,,,'-1,'-1,,,"https://sofafreedom.furniture/wp-content/uploads/2022/09/ISTIKBALMultifunctionalFurnitureLivingRoomSofaBedFantasyCollection_360x.jpg ! alt :  ! title : ISTIKBALMultifunctionalFurnitureLivingRoomSofaBedFantasyCollection_360x ! desc :  ! caption :  | https://sofafreedom.furniture/wp-content/uploads/2022/09/41s2n1FhjZL_1800x1800.jpg ! alt :  ! title : 41s2n1FhjZL_1800x1800 ! desc :  ! caption :  | https://sofafreedom.furniture/wp-content/uploads/2022/09/31Xh9_gAXEL_cc717302-ae66-4515-884d-e239e332eb20_1800x1800.jpg ! alt :  ! title : 31Xh9_gAXEL_cc717302-ae66-4515-884d-e239e332eb20_1800x1800 ! desc :  ! caption :  | https://sofafreedom.furniture/wp-content/uploads/2022/09/41-9CUMpd8L_d31574b7-c492-4547-929f-e4d7809fc62d_1800x1800.jpg ! alt :  ! title : 41-9CUMpd8L_d31574b7-c492-4547-929f-e4d7809fc62d_1800x1800 ! desc :  ! caption :  | https://sofafreedom.furniture/wp-content/uploads/2022/09/417QbJ_3UlL_1800x1800.jpg ! alt :  ! title : 417QbJ_3UlL_1800x1800 ! desc :  ! caption :  | https://sofafreedom.furniture/wp-content/uploads/2022/09/41qQDC1Jm8L_1800x1800.jpg ! alt :  ! title : 41qQDC1Jm8L_1800x1800 ! desc :  ! caption :  | https://sofafreedom.furniture/wp-content/uploads/2022/09/ISTIKBALMultifunctionalFurnitureLivingRoomSofaBedFantasyCollection_1800x1800.jpg ! alt :  ! title : ISTIKBALMultifunctionalFurnitureLivingRoomSofaBedFantasyCollection_1800x1800 ! desc :  ! caption : ",,https://sofafreedom.furniture/?product=istikbal-multifunctional-furniture-living-room-sofa-bed-fantasy-collection-light-brown,0,simple,,"SLEEPER SOFA",,
"Istikbal Multifunctional Furniture Living Room Set Natural Collection (Prestige Brown, Sofa)",istikbal-multifunctional-furniture-living-room-set-natural-collection-prestige-brown-sofa,,99,"<h2><b>Istikbal Multifunctional Furniture Living Room Set Natural Collection (Prestige Brown, Sofa)</b></h2>
<b>Brand:</b> Istikbal

<b>Color:</b> Prestige Brown

<b>Features:</b>
<ul>
 	<li>SLEEPER: When it comes time to host an unexpected overnight guest, simply pull your bedding out from the storage space and fold this sofa down to reveal an instant innerspring bed for a cozy place to spend the night.</li>
 	<li>BUILT-IN STORAGE: This collection knows that life can get messy and makes room for storage underneath its seats so you can stash away all the daily clutter and guest bedding you want.</li>
 	<li>RICH MINIMALISTIC: A rich minimalistic design showcases mixed leatherette and upholstered fabric with pleasant pops of chrome and solid wood details throughout.</li>
 	<li>PERFORMANCE FABRIC: Long lasting performance fabric that stands up to extra wear and tear without sacrificing style. It is manufactured to meet the demands of commercial use in addition to residential.</li>
</ul>",,publish,,0,"2022-09-12 21:03:20",1,open,,,,no,no,,1399,1199,,,,,,,instock,no,no,,no,taxable,,,,,,'-1,'-1,,,"https://sofafreedom.furniture/wp-content/uploads/2022/09/61lIGSBoGTL._AC_SL1436_360x.jpg ! alt :  ! title : 61lIGSBoGTL._AC_SL1436_360x ! desc :  ! caption :  | https://sofafreedom.furniture/wp-content/uploads/2022/09/61lIGSBoGTL._AC_SL1436_1800x1800-1.jpg ! alt :  ! title : 61lIGSBoGTL._AC_SL1436_1800x1800 ! desc :  ! caption :  | https://sofafreedom.furniture/wp-content/uploads/2022/09/416dgwFZqjL_f596edfb-86f6-4251-b933-319bbf29cb6e_1800x1800.jpg ! alt :  ! title : 416dgwFZqjL_f596edfb-86f6-4251-b933-319bbf29cb6e_1800x1800 ! desc :  ! caption :  | https://sofafreedom.furniture/wp-content/uploads/2022/09/31-gt29qWRL_1800x1800.jpg ! alt :  ! title : 31-gt29qWRL_1800x1800 ! desc :  ! caption :  | https://sofafreedom.furniture/wp-content/uploads/2022/09/41KlO0R3hiL_0ecc9b38-531b-4a00-b465-8845176d0469_1800x1800.jpg ! alt :  ! title : 41KlO0R3hiL_0ecc9b38-531b-4a00-b465-8845176d0469_1800x1800 ! desc :  ! caption :  | https://sofafreedom.furniture/wp-content/uploads/2022/09/31lsTFrXOlL_1800x1800.jpg ! alt :  ! title : 31lsTFrXOlL_1800x1800 ! desc :  ! caption :  | https://sofafreedom.furniture/wp-content/uploads/2022/09/41zng6oWqNL_1800x1800.jpg ! alt :  ! title : 41zng6oWqNL_1800x1800 ! desc :  ! caption : ",,https://sofafreedom.furniture/?product=istikbal-multifunctional-furniture-living-room-set-natural-collection-prestige-brown-sofa,0,simple,,"SLEEPER SOFA",,
"Istikbal Multifunctional Furniture Living Room Set Natural Collection (Naomi Brown, Sofa)",istikbal-multifunctional-furniture-living-room-set-natural-collection-naomi-brown-sofa,,262,"<h2><b>Istikbal Multifunctional Furniture Living Room Set Natural Collection (Naomi Brown, Sofa)</b></h2>
<b>Brand:</b> Istikbal

<b>Color:</b> Naomi Brown

<b>Features:</b>
<ul>
 	<li>SLEEPER: When it comes time to host an unexpected overnight guest, simply pull your bedding out from the storage space and fold this sofa down to reveal an instant innerspring bed for a cozy place to spend the night.</li>
 	<li>BUILT-IN STORAGE: This collection knows that life can get messy and makes room for storage underneath its seats so you can stash away all the daily clutter and guest bedding you want.</li>
 	<li>RICH MINIMALISTIC: A rich minimalistic design showcases mixed leatherette and upholstered fabric with pleasant pops of chrome and solid wood details throughout.</li>
 	<li>PERFORMANCE FABRIC: Long lasting performance fabric that stands up to extra wear and tear without sacrificing style. It is manufactured to meet the demands of commercial use in addition to residential.</li>
</ul>",,publish,,0,"2022-09-13 06:14:35",1,open,,,,no,no,,1399,999,,,,,,,instock,no,no,,no,taxable,,,,,,'-1,'-1,,,"https://sofafreedom.furniture/wp-content/uploads/2022/09/51zqN_g1rL._AC_SL1048_360x.jpg ! alt :  ! title : 51zqN_g1rL._AC_SL1048_360x ! desc :  ! caption :  | https://sofafreedom.furniture/wp-content/uploads/2022/09/3194WjgONFL_1800x1800.jpg ! alt :  ! title : 3194WjgONFL_1800x1800 ! desc :  ! caption :  | https://sofafreedom.furniture/wp-content/uploads/2022/09/416dgwFZqjL_72fd689f-17b5-40a2-86a8-d25236e20da8_1800x1800.jpg ! alt :  ! title : 416dgwFZqjL_72fd689f-17b5-40a2-86a8-d25236e20da8_1800x1800 ! desc :  ! caption :  | https://sofafreedom.furniture/wp-content/uploads/2022/09/41KlO0R3hiL_f386889e-8f71-44dd-86c5-7742c2134000_1800x1800.jpg ! alt :  ! title : 41KlO0R3hiL_f386889e-8f71-44dd-86c5-7742c2134000_1800x1800 ! desc :  ! caption :  | https://sofafreedom.furniture/wp-content/uploads/2022/09/315qUlORlVL_1800x1800.jpg ! alt :  ! title : 315qUlORlVL_1800x1800 ! desc :  ! caption :  | https://sofafreedom.furniture/wp-content/uploads/2022/09/41OE4GDupML_1800x1800.jpg ! alt :  ! title : 41OE4GDupML_1800x1800 ! desc :  ! caption :  | https://sofafreedom.furniture/wp-content/uploads/2022/09/51zqN_g1rL._AC_SL1048_1800x1800.jpg ! alt :  ! title : 51zqN_g1rL._AC_SL1048_1800x1800 ! desc :  ! caption : ",,https://sofafreedom.furniture/?product=istikbal-multifunctional-furniture-living-room-set-natural-collection-naomi-brown-sofa,0,simple,,"SLEEPER SOFA",,
"Istikbal Multifunctional Furniture Living Room Set Kobe Collection (Glory Black, Sofa)",istikbal-multifunctional-furniture-living-room-set-kobe-collection-glory-black-sofa,,270,"<h2><b>Istikbal Multifunctional Furniture Living Room Set Kobe Collection (Glory Black, Sofa)</b></h2>
<b>Brand:</b> Istikbal

<b>Color:</b> Glory Black

<b>Features:</b>
<ul>
 	<li>SLEEPER: Transition easily from day to night with an innerspring sleeper that welcomes overnight houseguests and midday naps.</li>
 	<li>BUILT-IN STORAGE: Store all your bedding or living room essentials in this sofa’s built-in storage space so you can enjoy a clean and organized household and let Kobe be the center of attention.</li>
 	<li>CLEAN-CUT DESIGN: The Kobe Collection impresses with bold boxy features and a clean-cut design. Kobe delivers clean crisp lines throughout its modern design and sits atop sleek rectangular chrome legs for a pop of satisfying detail.</li>
 	<li>PERFORMANCE FABRIC: Long lasting performance fabric that stands up to extra wear and tear without sacrificing style. It is manufactured to meet the demands of commercial use in addition to residential.</li>
</ul>",,publish,,0,"2022-09-13 06:17:31",1,open,,,,no,no,,1100,799,,,,,,,instock,no,no,,no,taxable,,,,,,'-1,'-1,,,"https://sofafreedom.furniture/wp-content/uploads/2022/09/IstikbalMultifunctionalFurnitureLivingRoomSetKobeCollection_GloryBlack_Sofa_360x.jpg ! alt :  ! title : IstikbalMultifunctionalFurnitureLivingRoomSetKobeCollection_GloryBlack_Sofa_360x ! desc :  ! caption :  | https://sofafreedom.furniture/wp-content/uploads/2022/09/41uVBcC_1jL_5f6d79d1-1a05-47c8-82b2-b62a94854f0f_1800x1800.jpg ! alt :  ! title : 41uVBcC_1jL_5f6d79d1-1a05-47c8-82b2-b62a94854f0f_1800x1800 ! desc :  ! caption :  | https://sofafreedom.furniture/wp-content/uploads/2022/09/41-ABu49axL_0f4df995-afef-4ab3-94a1-a3b12d835422_1800x1800.jpg ! alt :  ! title : 41-ABu49axL_0f4df995-afef-4ab3-94a1-a3b12d835422_1800x1800 ! desc :  ! caption :  | https://sofafreedom.furniture/wp-content/uploads/2022/09/31YTYUCB88L_1800x1800.jpg ! alt :  ! title : 31YTYUCB88L_1800x1800 ! desc :  ! caption :  | https://sofafreedom.furniture/wp-content/uploads/2022/09/31ZUkaFRaiL_1800x1800.jpg ! alt :  ! title : 31ZUkaFRaiL_1800x1800 ! desc :  ! caption :  | https://sofafreedom.furniture/wp-content/uploads/2022/09/317-JsWKa_L_1800x1800.jpg ! alt :  ! title : 317-JsWKa_L_1800x1800 ! desc :  ! caption :  | https://sofafreedom.furniture/wp-content/uploads/2022/09/IstikbalMultifunctionalFurnitureLivingRoomSetKobeCollection_GloryBlack_Sofa_1800x1800.jpg ! alt :  ! title : IstikbalMultifunctionalFurnitureLivingRoomSetKobeCollection_GloryBlack_Sofa_1800x1800 ! desc :  ! caption : ",,https://sofafreedom.furniture/?product=istikbal-multifunctional-furniture-living-room-set-kobe-collection-glory-black-sofa,0,simple,,"SLEEPER SOFA",,
"ISTIKBAL Multifunctional Furniture Living Room Sofa Bed Betsy Collection",istikbal-multifunctional-furniture-living-room-sofa-bed-betsy-collection,,278,"<h2><b>ISTIKBAL Multifunctional Furniture Living Room Sofa Bed Betsy Collection</b></h2>
<b>Brand:</b> Istikbal

<b>Features:</b>
<ul>
 	<li>SOFA: Sit back and relax in the chic contemporary Betsy Sleeper Sofa. Plush tufted cushions provide cozy, spacious seating for friends and family so you can confidently host get-togethers and movie nights alike.</li>
 	<li>SLEEPER: Offer guests a satisfyingly comfortable place to stay the night by simply folding this sofa down and transitioning it into a sleeper.</li>
 	<li>STORAGE: Lift the seat out to reveal cleverly concealed storage space, perfect for tucking away bedding, electronics, toys and more.</li>
 	<li>CHARMING: A boxy silhouette, sleek chrome armrests, and box quilted stitching create an unmistakably trendy look that will fit in with both laidback and bold décor. Make this charming set the new focal point in your living room and let the good times unfold around it.</li>
</ul>",,publish,,0,"2022-09-13 06:21:01",1,open,,,,no,no,,1399,999,,,,,,,instock,no,no,,no,taxable,,,,,,'-1,'-1,,,"https://sofafreedom.furniture/wp-content/uploads/2022/09/81zKgHj92aL._AC_SL1500_360x.jpg ! alt :  ! title : 81zKgHj92aL._AC_SL1500_360x ! desc :  ! caption :  | https://sofafreedom.furniture/wp-content/uploads/2022/09/31K9BKLUW-L_1800x1800.jpg ! alt :  ! title : 31K9BKLUW-L_1800x1800 ! desc :  ! caption :  | https://sofafreedom.furniture/wp-content/uploads/2022/09/41m4LwUlZmL_1800x1800.jpg ! alt :  ! title : 41m4LwUlZmL_1800x1800 ! desc :  ! caption :  | https://sofafreedom.furniture/wp-content/uploads/2022/09/41yJBcZpaTL_1800x1800.jpg ! alt :  ! title : 41yJBcZpaTL_1800x1800 ! desc :  ! caption :  | https://sofafreedom.furniture/wp-content/uploads/2022/09/31hHbTZR-iL_1800x1800.jpg ! alt :  ! title : 31hHbTZR-iL_1800x1800 ! desc :  ! caption :  | https://sofafreedom.furniture/wp-content/uploads/2022/09/31LEYtTbBhL_1800x1800.jpg ! alt :  ! title : 31LEYtTbBhL_1800x1800 ! desc :  ! caption :  | https://sofafreedom.furniture/wp-content/uploads/2022/09/81zKgHj92aL._AC_SL1500_1800x1800.jpg ! alt :  ! title : 81zKgHj92aL._AC_SL1500_1800x1800 ! desc :  ! caption : ",,https://sofafreedom.furniture/?product=istikbal-multifunctional-furniture-living-room-sofa-bed-betsy-collection,0,simple,,"SLEEPER SOFA",,
"Istikbal Multifunctional Furniture Living Room Set Vision Collection (Grey, Sectional)",istikbal-multifunctional-furniture-living-room-set-vision-collection-grey-sectional,,286,"<h2>Istikbal Multifunctional Furniture Living Room Set Vision Collection (Grey, Sectional)</h2>
<b>Brand:</b> Istikbal

<b>Color:</b> Grey

<b>Features:</b>
<ul>
 	<li>INNERSPRING SLEEPER: Its built-in innerspring sleeper lets you take a relaxing break from your workday or offers a comfy place for overnight guests to stay.</li>
 	<li>BUILT-IN STORAGE: Ditch the storage cubes that take away from the ambiance of the room and take advantage of Vision’s cleverly concealed storage space just below its seats.</li>
 	<li>CENTERPIECE: Make this sofa the centerpiece of your living room or use it to elevate your home office or guest room.</li>
 	<li>PERFORMANCE FABRIC: Long lasting performance fabric that stands up to extra wear and tear without sacrificing style. It is manufactured to meet the demands of commercial use in addition to residential.</li>
</ul>",,publish,,0,"2022-09-13 06:24:49",1,open,,,,no,no,,1699,1100,,,,,,,instock,no,no,,no,taxable,,,,,,'-1,'-1,,,"https://sofafreedom.furniture/wp-content/uploads/2022/09/71nBHU5dg4L._AC_SL1417__1_360x.jpg ! alt :  ! title : 71nBHU5dg4L._AC_SL1417__1_360x ! desc :  ! caption :  | https://sofafreedom.furniture/wp-content/uploads/2022/09/41OAKIr1nQL_1ae2e78c-9f7c-4ab5-ab20-02cf6373884d_1800x1800.jpg ! alt :  ! title : 41OAKIr1nQL_1ae2e78c-9f7c-4ab5-ab20-02cf6373884d_1800x1800 ! desc :  ! caption :  | https://sofafreedom.furniture/wp-content/uploads/2022/09/41bgO9GN20L_b347ad13-9fac-45a7-87e7-943ab9399978_1800x1800.jpg ! alt :  ! title : 41bgO9GN20L_b347ad13-9fac-45a7-87e7-943ab9399978_1800x1800 ! desc :  ! caption :  | https://sofafreedom.furniture/wp-content/uploads/2022/09/31sLUEgtLDL_1800x1800.jpg ! alt :  ! title : 31sLUEgtLDL_1800x1800 ! desc :  ! caption :  | https://sofafreedom.furniture/wp-content/uploads/2022/09/31zfVcPMvhL_1800x1800.jpg ! alt :  ! title : 31zfVcPMvhL_1800x1800 ! desc :  ! caption :  | https://sofafreedom.furniture/wp-content/uploads/2022/09/41Cs8exzQnL_1800x1800.jpg ! alt :  ! title : 41Cs8exzQnL_1800x1800 ! desc :  ! caption :  | https://sofafreedom.furniture/wp-content/uploads/2022/09/71nBHU5dg4L._AC_SL1417__1_1800x1800.jpg ! alt :  ! title : 71nBHU5dg4L._AC_SL1417__1_1800x1800 ! desc :  ! caption : ",,https://sofafreedom.furniture/?product=istikbal-multifunctional-furniture-living-room-set-vision-collection-grey-sectional,0,simple,,"SLEEPER SECTIONALS",,
"Istikbal Multifunctional Furniture Living Room Set Natural Collection (Valencia Grey, Sectional)",istikbal-multifunctional-furniture-living-room-set-natural-collection-valencia-grey-sectional,,294,"<h2><b>Istikbal Multifunctional Furniture Living Room Set Natural Collection (Valencia Grey, Sectional)</b></h2>
<b>Brand:</b> Istikbal

<b>Color:</b> Valencia Grey

<b>Features:</b>
<ul>
 	<li>SLEEPER: When it comes time to host an unexpected overnight guest, simply pull your bedding out from the storage space and fold this sofa down to reveal an instant innerspring bed for a cozy place to spend the night.</li>
 	<li>BUILT-IN STORAGE: This collection knows that life can get messy and makes room for storage underneath its seats so you can stash away all the daily clutter and guest bedding you want.</li>
 	<li>RICH MINIMALISTIC: A rich minimalistic design showcases mixed leatherette and upholstered fabric with pleasant pops of chrome and solid wood details throughout.</li>
 	<li>PERFORMANCE FABRIC: Long lasting performance fabric that stands up to extra wear and tear without sacrificing style. It is manufactured to meet the demands of commercial use in addition to residential.</li>
</ul>",,publish,,0,"2022-09-13 06:31:36",1,open,,,,no,no,,2699,2000,,,,,,,instock,no,no,,no,taxable,,,,,,'-1,'-1,,,"https://sofafreedom.furniture/wp-content/uploads/2022/09/81wzB7zerhL._AC_SL1500_360x.jpg ! alt :  ! title : 81wzB7zerhL._AC_SL1500_360x ! desc :  ! caption :  | https://sofafreedom.furniture/wp-content/uploads/2022/09/41CgZW2hOdL_b938aecf-31dd-4644-b259-45011597eb1d_1800x1800.jpg ! alt :  ! title : 41CgZW2hOdL_b938aecf-31dd-4644-b259-45011597eb1d_1800x1800 ! desc :  ! caption :  | https://sofafreedom.furniture/wp-content/uploads/2022/09/31tSbHybyaL_1800x1800.jpg ! alt :  ! title : 31tSbHybyaL_1800x1800 ! desc :  ! caption :  | https://sofafreedom.furniture/wp-content/uploads/2022/09/319U4OzDrVL_1800x1800.jpg ! alt :  ! title : 319U4OzDrVL_1800x1800 ! desc :  ! caption :  | https://sofafreedom.furniture/wp-content/uploads/2022/09/411WOi3PDmL_9f6d4be7-73c3-4674-b525-1272e78bf347_1800x1800.jpg ! alt :  ! title : 411WOi3PDmL_9f6d4be7-73c3-4674-b525-1272e78bf347_1800x1800 ! desc :  ! caption :  | https://sofafreedom.furniture/wp-content/uploads/2022/09/31IP10-vzJL_1800x1800.jpg ! alt :  ! title : 31IP10-vzJL_1800x1800 ! desc :  ! caption :  | https://sofafreedom.furniture/wp-content/uploads/2022/09/81wzB7zerhL._AC_SL1500_1800x1800.jpg ! alt :  ! title : 81wzB7zerhL._AC_SL1500_1800x1800 ! desc :  ! caption : ",,https://sofafreedom.furniture/?product=istikbal-multifunctional-furniture-living-room-set-natural-collection-valencia-grey-sectional,0,simple,,"SLEEPER SECTIONALS",,
"Istikbal Multifunctional Furniture Living Room Set Kobe Collection (Diego Grey, Sectional)",istikbal-multifunctional-furniture-living-room-set-kobe-collection-diego-grey-sectional,,302,"<h2>Istikbal Multifunctional Furniture Living Room Set</h2>
<h2><b>Istikbal Multifunctional Furniture Living Room Set Kobe Collection (Diego Grey, Sectional)</b></h2>
<b>Brand:</b> Istikbal

<b>Color:</b> Diego Grey

<b>Features:</b>
<ul>
 	<li>SLEEPER: Transition easily from day to night with an innerspring sleeper that welcomes overnight houseguests and midday naps.</li>
 	<li>BUILT-IN STORAGE: Store all your bedding or living room essentials in this sofa’s built-in storage space so you can enjoy a clean and organized household and let Kobe be the center of attention.</li>
 	<li>CLEAN-CUT DESIGN: The Kobe Collection impresses with bold boxy features and a clean-cut design. Kobe delivers clean crisp lines throughout its modern design and sits atop sleek rectangular chrome legs for a pop of satisfying detail.</li>
 	<li>PERFORMANCE FABRIC: Long lasting performance fabric that stands up to extra wear and tear without sacrificing style. It is manufactured to meet the demands of commercial use in addition to residential.</li>
</ul>",,publish,,0,"2022-09-13 06:36:11",1,open,,,,no,no,,1999,1150,,,,,,,instock,no,no,,no,taxable,,,,,,'-1,'-1,,,"https://sofafreedom.furniture/wp-content/uploads/2022/09/419oFwcRlWL_360x.jpg ! alt :  ! title : 419oFwcRlWL_360x ! desc :  ! caption :  | https://sofafreedom.furniture/wp-content/uploads/2022/09/41pNQjyXKgL_1800x1800.jpg ! alt :  ! title : 41pNQjyXKgL_1800x1800 ! desc :  ! caption :  | https://sofafreedom.furniture/wp-content/uploads/2022/09/31kCKHdrxaL_1800x1800.jpg ! alt :  ! title : 31kCKHdrxaL_1800x1800 ! desc :  ! caption :  | https://sofafreedom.furniture/wp-content/uploads/2022/09/31r6qZWQV7L_1800x1800.jpg ! alt :  ! title : 31r6qZWQV7L_1800x1800 ! desc :  ! caption :  | https://sofafreedom.furniture/wp-content/uploads/2022/09/31Ysjrt-9GL_1800x1800.jpg ! alt :  ! title : 31Ysjrt-9GL_1800x1800 ! desc :  ! caption :  | https://sofafreedom.furniture/wp-content/uploads/2022/09/419oFwcRlWL_1800x1800.jpg ! alt :  ! title : 419oFwcRlWL_1800x1800 ! desc :  ! caption : ",,https://sofafreedom.furniture/?product=istikbal-multifunctional-furniture-living-room-set-kobe-collection-diego-grey-sectional,0,simple,,"SLEEPER SECTIONALS",,
"Monika Sleeper Sofa",monika-sleeper-sofa,,368,"<div class=""accordionBlock pos0""><button id=""desktopDescriptionbutton"" class=""accordion pos0 active"">Description</button>
<div id=""desktopDescriptionpanel"" class=""panel pos0"">

<span style=""font-weight: 400;"">Whether you want a single sleeper, full size, queen, or even king-size, the <strong>Monika sleeper sofa</strong> collection has it all. Ascetically pleasing to a large audience, Monika is a go-to product for its ability to conform to any environment.</span>

Getting its name by how the dual motion sleeper nests a portion of the mattress perfectly below the seat and tucking another portion effortlessly in the back of the frame. A combination that does not compromise on style or comfort whether seated or sleeping. See Luonto Monika King sleeper sofa with Walnut finish wood leg. Modern Luonto Monika collection is available in Fun 496, Loule 630, Oliver 173, Oliver 515. Dual motion sleeper for ease of use.

<b>About Luonto Furniture</b>
A focus on Scandinavian design and quality with an emphasis on functionality. Scandinavian design was a movement from the 1950s based on simplicity, minimalism, and functionality. A style that allows our design team to be flexible while staying on target and true to our roots. True to form, our furniture has the simple, clean lines you would expect and it is full of function! Whether you need the perfect sleeper sofa, additional storage, adjustable seating comfort, or more, we have solutions with style. Never one to compromise comfort, we take great pride in building our furniture for everyday use while incorporating functions that can make your life easier.
Luonto uses a combination of state-of-the-art technology and the expertise of their craftsmen to produce a sustainable, beautiful, and functional product. Based in Finland, Luonto's manufacturing processes are part of the family business's heritage. ""This is not something we do to be on-trend but rather it is done simply because it is where we come from and how we do things."" Luonto only uses locally sourced wood and recycles its wood waste by converting it into pellets that heat all three production lines, local schools, and even one local town. ""With these methods and more we have a minimal footprint in making our product while helping others that can benefit from our byproducts.

</div>
</div>
<div class=""accordionBlock pos1""></div>
<div class=""accordionBlock pos3""><button id=""ShippingInformationbutton"" class=""accordion pos3"">Shipping Information</button></div>",,publish,,0,"2022-09-18 13:18:02",1,open,,,,no,no,,2699,2000,,,,,,,instock,no,no,,no,taxable,,,,,,'-1,'-1,,,"https://sofafreedom.furniture/wp-content/uploads/2022/09/Luonto_Monika_King_Oliver173_Close_Room_Medium_bdfdadf9-5195-47a4-ab11-e4c3a4cfc633_1800x1800-1.jpg ! alt :  ! title : Luonto_Monika_King_Oliver173_Close_Room_Medium_bdfdadf9-5195-47a4-ab11-e4c3a4cfc633_1800x1800 ! desc :  ! caption :  | https://sofafreedom.furniture/wp-content/uploads/2022/09/Monika_King_Oliver173_M_IMG_4335_1280pxcopy_1800x1800.jpg ! alt :  ! title : Monika_King_Oliver173_M_IMG_4335_1280pxcopy_1800x1800 ! desc :  ! caption :  | https://sofafreedom.furniture/wp-content/uploads/2022/09/Monika_King_Oliver173_M_IMG_4334_1280pxcopy_1800x1800.jpg ! alt :  ! title : Monika_King_Oliver173_M_IMG_4334_1280pxcopy_1800x1800 ! desc :  ! caption :  | https://sofafreedom.furniture/wp-content/uploads/2022/09/Monika_King_Oliver173_M_IMG_4333_1280pxcopy_1800x1800.jpg ! alt :  ! title : Monika_King_Oliver173_M_IMG_4333_1280pxcopy_1800x1800 ! desc :  ! caption :  | https://sofafreedom.furniture/wp-content/uploads/2022/09/Luonto_Monika_Queen_Loule630_Open_HighRes_Medium_cd0b2178-c0e6-4776-8685-fd4b940f4e75_1800x1800.jpg ! alt :  ! title : Luonto_Monika_Queen_Loule630_Open_HighRes_Medium_cd0b2178-c0e6-4776-8685-fd4b940f4e75_1800x1800 ! desc :  ! caption :  | https://sofafreedom.furniture/wp-content/uploads/2022/09/Luonto_Monika_Queen_Loule630_Close_HighRe_Medium_acf218f7-3780-4b9a-9413-28e5c58d43c0_1800x1800.jpg ! alt :  ! title : Luonto_Monika_Queen_Loule630_Close_HighRe_Medium_acf218f7-3780-4b9a-9413-28e5c58d43c0_1800x1800 ! desc :  ! caption :  | https://sofafreedom.furniture/wp-content/uploads/2022/09/Luonto_Monika_King_Oliver173_Opened_Room_Medium_f3c5cb91-a25c-40f8-a11a-cfdfbd7b5e35_1800x1800.jpg ! alt :  ! title : Luonto_Monika_King_Oliver173_Opened_Room_Medium_f3c5cb91-a25c-40f8-a11a-cfdfbd7b5e35_1800x1800 ! desc :  ! caption :  | https://sofafreedom.furniture/wp-content/uploads/2022/09/Luonto_Monika_King_Oliver173_Close_Room_Medium_bdfdadf9-5195-47a4-ab11-e4c3a4cfc633_1800x1800.jpg ! alt :  ! title : Luonto_Monika_King_Oliver173_Close_Room_Medium_bdfdadf9-5195-47a4-ab11-e4c3a4cfc633_1800x1800 ! desc :  ! caption : ",,https://sofafreedom.furniture/?product=monika-sleeper-sofa,0,simple,,Uncategorized,,
"Decker Orange Italian Leather Sectional Sofa",decker-orange-italian-leather-sectional-sofa,,377,"<div class=""accordionBlock pos0"">
<div class=""accordionBlock pos0""><button id=""desktopDescriptionbutton"" class=""accordion active pos0"">Description</button>
<div id=""desktopDescriptionpanel"" class=""panel pos0"">
<p align=""justify""><span style=""font-weight: 400;"">
The product is at the intersection of elegant European aesthetic and quality. It incorporates clean lines to create a beautiful frame and offer personalized resting comfort. Wrapped with sumptuously thick leather on the seating area, employing double-stitching tailoring, the Sectional offers unmatched style, comfort, and quality. Its seating and back are filled with high resiliency foam and wrapped with tufted leather. Its frame is built with kiln-dried solid wood and reinforced with corner blocks to ensure years of comfortable seating. This sectional is upholstered in a beautiful apricot orange colored leather and leather match all around and prominently features stainless steel metal legs. This beautiful sectional is constructed with thick Italian Leather, designed for flexibility and durability. The seat is constructed with a high gauge steel no-sag sinuous spring suspension system.
</span></p>

</div>
</div>
<div class=""accordionBlock pos1""></div>
<div class=""accordionBlock pos3""><button id=""ShippingInformationbutton"" class=""accordion pos3"">Shipping Information</button>
<div id=""desktopShippingInformationpanel"" class=""panel pos3"">

&nbsp;

&nbsp;

&nbsp;

&nbsp;

&nbsp;

&nbsp;

&nbsp;

&nbsp;

</div>
</div>
<div class=""accordionBlock""></div>
<div class=""accordionBlock pos2""><button id=""FeaturesDescriptionbutton"" class=""accordion active pos2"">Features</button>
<div id=""desktopFeaturesDescriptionpanel"" class=""panel pos2"">
<ul>
 	<li>100% Genuine Top grain Italian leather upholstery offers a timeless look and high durability.</li>
 	<li>Italian Leather match on back and sides</li>
 	<li>Stainless steel sleek metal legs: add to the durability and weight-bearing capacity</li>
 	<li>Armrest with storage: provides options to store magazines, remotes etc</li>
 	<li>Choice of left and right facing chaise: choose whatever fits with your décor style</li>
 	<li>Impressive chaise depth and seat depth: offer a snug seating for all body types/sizes</li>
 	<li>Cushion Material - Ecoflex high resiliency foam</li>
 	<li>High-gauge sinuous springs cushion support.</li>
 	<li>Seat firmness: Medium. On a scale from 1 to 5 (5 being firmest), it's a 3.5.</li>
 	<li>Designed in Italy, Made in China from leather imported from Italy.</li>
 	<li>Modern / Contemporary Style</li>
</ul>
</div>
</div>
</div>",,publish,,0,"2022-09-18 13:27:52",1,open,,,,no,no,,2899,1900,,,,,,,instock,no,no,,no,taxable,,,,,,'-1,'-1,,,"https://sofafreedom.furniture/wp-content/uploads/2022/09/DeckerOrangeItalianLeatherSectionalSofa-image-5_1800x1800.png ! alt :  ! title : DeckerOrangeItalianLeatherSectionalSofa-image-5_1800x1800 ! desc :  ! caption :  | https://sofafreedom.furniture/wp-content/uploads/2022/09/DeckerOrangeItalianLeatherSectionalSofa-image-9_1800x1800.png ! alt :  ! title : DeckerOrangeItalianLeatherSectionalSofa-image-9_1800x1800 ! desc :  ! caption :  | https://sofafreedom.furniture/wp-content/uploads/2022/09/DeckerOrangeItalianLeatherSectionalSofa-image-6_1800x1800.png ! alt :  ! title : DeckerOrangeItalianLeatherSectionalSofa-image-6_1800x1800 ! desc :  ! caption :  | https://sofafreedom.furniture/wp-content/uploads/2022/09/DeckerOrangeItalianLeatherSectionalSofa-image-4_1800x1800.png ! alt :  ! title : DeckerOrangeItalianLeatherSectionalSofa-image-4_1800x1800 ! desc :  ! caption :  | https://sofafreedom.furniture/wp-content/uploads/2022/09/DeckerOrangeItalianLeatherSectionalSofa-image-2_1800x1800.png ! alt :  ! title : DeckerOrangeItalianLeatherSectionalSofa-image-2_1800x1800 ! desc :  ! caption :  | https://sofafreedom.furniture/wp-content/uploads/2022/09/DeckerOrangeItalianLeatherSectionalSofa-image-3_1800x1800.png ! alt :  ! title : DeckerOrangeItalianLeatherSectionalSofa-image-3_1800x1800 ! desc :  ! caption :  | https://sofafreedom.furniture/wp-content/uploads/2022/09/DeckerOrangeItalianLeatherSectionalSofa-image-1_1800x1800.png ! alt :  ! title : DeckerOrangeItalianLeatherSectionalSofa-image-1_1800x1800 ! desc :  ! caption : ",,https://sofafreedom.furniture/?product=decker-orange-italian-leather-sectional-sofa,1,simple,,Uncategorized,,
"Paris Sofa Sleeper",paris-sofa-sleeper,,385,"<div class=""accordionBlock pos0"">

<button id=""desktopDescriptionbutton"" class=""accordion active pos0"">Description</button>
<div id=""desktopDescriptionpanel"" class=""panel pos0"">

<span style=""font-weight: 400;"">This Paris Sofa Sleeper, with its pillow between the seat and arm, it hugs your body as you slide into its sleek design. Its design conforms to its surroundings and with ratchet headrests and function it is the ultimate comfort experience.</span>

<b>Nest Function</b>
Getting its name by how the dual motion Paris sleeper nests a portion of the mattress perfectly below the seat and tucking the another portion effortlessly in the back of the frame. A Paris Sofa combination that does not compromise on style or comfort whether seated or sleeping. Shop modern Paris Sofa Sleeper Cot, Full, King, or Queen size combination that does not compromise on style or comfort.


<b>About Luonto Furniture</b>
A focus on Scandinavian design and quality with an emphasis on functionality. Scandinavian design was a movement from the 1950’s based on simplicity, minimalism and functionality. A style that allows our design team to be flexible while staying on target and true to our roots. True to form, our furniture has the simple, clean lines you would expect and it is full of function! Whether you need the perfect sleeper sofa, additional storage, adjustable seating comfort, or more, we have solutions with style. Never one to compromise comfort, we take great pride in building our furniture for everyday use while incorporating functions that can make your life easier.
Luonto uses a combination of state-of-the-art technology and the expertise of their craftsmen to produce a sustainable, beautiful and functional product. Based in Finland, Luonto's manufacturing processes are part of the family business's heritage. ""This is not something we do to be on trend but rather it is done simply because it is where we come from and how we do things."" Luonto only uses locally sourced wood and recycles their wood waste by converting it into pellets that heat all three production lines, local schools and even one local town. ""With these methods and more we have a minimal footprint in making our product while helping others that can benefit from our byproducts.

</div>
</div>",,publish,,0,"2022-09-18 13:30:49",1,open,,,,no,no,,2699,2000,,,,,,,instock,no,no,,no,taxable,,,,,,'-1,'-1,,,"https://sofafreedom.furniture/wp-content/uploads/2022/09/ParisSofaSleeper-Image15_1800x1800.jpg ! alt :  ! title : ParisSofaSleeper-Image15_1800x1800 ! desc :  ! caption :  | https://sofafreedom.furniture/wp-content/uploads/2022/09/ParisSofaSleeper-image5_1800x1800.jpg ! alt :  ! title : ParisSofaSleeper-image5_1800x1800 ! desc :  ! caption :  | https://sofafreedom.furniture/wp-content/uploads/2022/09/ParisSofaSleeper-image4_1800x1800.jpg ! alt :  ! title : ParisSofaSleeper-image4_1800x1800 ! desc :  ! caption :  | https://sofafreedom.furniture/wp-content/uploads/2022/09/ParisSofaSleeper-image2_1800x1800.jpg ! alt :  ! title : ParisSofaSleeper-image2_1800x1800 ! desc :  ! caption :  | https://sofafreedom.furniture/wp-content/uploads/2022/09/ParisSofaSleeper-image3_1800x1800.jpg ! alt :  ! title : ParisSofaSleeper-image3_1800x1800 ! desc :  ! caption :  | https://sofafreedom.furniture/wp-content/uploads/2022/09/ParisSofaSleeper-image1_1800x1800.jpg ! alt :  ! title : ParisSofaSleeper-image1_1800x1800 ! desc :  ! caption :  | https://sofafreedom.furniture/wp-content/uploads/2022/09/ParisSofaSleeper-Image16_1800x1800.jpg ! alt :  ! title : ParisSofaSleeper-Image16_1800x1800 ! desc :  ! caption : ",,https://sofafreedom.furniture/?product=paris-sofa-sleeper,0,simple,,Uncategorized,,
"Kathy Ireland Callas Sleeper Sofa",kathy-ireland-callas-sleeper-sofa,,393,"<div class=""accordionBlock pos0"">
<div class=""left-portion-description"">
<h2 class=""feature-title"">Product Specs</h2>
</div>
<div id=""dimensionsPanel"">
<div class=""productDetailsContainer"">
<div class=""productDetailsWrapperOverall"">
<div class=""productDetailsTitle"">Overall Dimensions</div>
<div class=""productDetailsText"">W: 91"" x D: 39"" x H: 30""</div>
</div>
<div class=""productDetailsWrapperOverall"">
<div class=""productDetailsTitle"">Mattress</div>
<div class=""productDetailsText"">Queen</div>
</div>
<div class=""productDetailsWrapperOverall"">
<div class=""productDetailsTitle"">Mattress Dimensions</div>
<div class=""productDetailsText"">W: 64"" x D: 78"" x H: 5""</div>
</div>
<div class=""productDetailsWrapperOverall"">
<div class=""productDetailsTitle"">Made In</div>
<div class=""productDetailsText"">Italy</div>
</div>
<div class=""productDetailsWrapperOverall"">
<div class=""productDetailsTitle"">Series</div>
<div class=""productDetailsText"">Kathy Ireland</div>
</div>
<div class=""productDetailsWrapperOverall"">
<div class=""productDetailsTitle"">Function</div>
<div class=""productDetailsText"">Easy Open</div>
</div>
<div class=""productDetailsWrapperOverall"">
<div class=""productDetailsTitle"">Material</div>
<div class=""productDetailsText"">Top Grain Leather</div>
</div>
<div class=""productDetailsWrapperOverall"">
<div class=""productDetailsTitle"">Color</div>
<div class=""productDetailsText"">Light Gray / Darkar Gray</div>
</div>
<div class=""productDetailsWrapperOverall"">
<div class=""productDetailsTitle"">Upholstery</div>
<div class=""productDetailsText"">Leather</div>
</div>
<div class=""productDetailsWrapperOverall"">
<div class=""productDetailsTitle"">Leg Finish</div>
<div class=""productDetailsText"">Dark Brown Wood</div>
</div>
<div class=""productDetailsWrapperOverall"">
<div class=""productDetailsTitle"">Seat Cushion Filling</div>
<div class=""productDetailsText"">Ecoflex high resiliency foam</div>
</div>
<div class=""productDetailsWrapperOverall"">
<div class=""productDetailsTitle"">Seat Cushion Type</div>
<div class=""productDetailsText"">Tight</div>
</div>
<div class=""productDetailsWrapperOverall"">
<div class=""productDetailsTitle"">Back Cushion Comfort</div>
<div class=""productDetailsText"">Firm / Medium</div>
</div>
<div class=""productDetailsWrapperOverall"">
<div class=""productDetailsTitle"">Back Cushion Filling</div>
<div class=""productDetailsText"">Ecoflex high resiliency foam</div>
</div>
<div class=""productDetailsWrapperOverall"">
<div class=""productDetailsTitle"">Number of Seats</div>
<div class=""productDetailsText"">3</div>
</div>
<div class=""productDetailsWrapperOverall"">
<div class=""productDetailsTitle"">Bed Size</div>
<div class=""productDetailsText"">Queen</div>
</div>
<div class=""productDetailsWrapperOverall"">
<div class=""productDetailsTitle"">Seat Height</div>
<div class=""productDetailsText"">19""</div>
</div>
<div class=""productDetailsWrapperOverall"">
<div class=""productDetailsTitle"">Seat Lenght x Depth</div>
<div class=""productDetailsText"">70"" x 24""</div>
</div>
<div class=""productDetailsWrapperOverall"">
<div class=""productDetailsTitle"">Mattress Material</div>
<div class=""productDetailsText"">Premium Memory Foam</div>
</div>
<div class=""productDetailsWrapperOverall"">
<div class=""productDetailsTitle"">Mattress Thickness</div>
<div class=""productDetailsText"">5""</div>
<div>
<div class=""accordionBlock pos0""><button id=""desktopDescriptionbutton"" class=""accordion active pos0"">Description</button>
<div id=""desktopDescriptionpanel"" class=""panel pos0"">

<span style=""font-weight: 400;"">Offering a fresh and contemporary style, the Kathy Ireland Callas Sleeper Sofa is a work of art that features sumptuous 100% top grain leather upholstery with elegant button tufts throughout with wooden legs. Experience luxury with this durable handmade sofa.  Limited availablilty.
This Italian designed and manufactured sofa sleeper combines beauty and functionality into one beautiful piece. Discover modern and contemporary luxury sofa bed offering incredible comfort and versatility. </span><span style=""font-weight: 400;"">Digiò Leather Sofas is an authorized manufacturer for Kathy Ireland and proudly presents Kathy Ireland Collection.

<b>Easy Open Function</b>
Digio Sofabeds are made with open mattress frame which are efficient and as the name suggests, especially easy to use. The key benefit to the Easy Open Sofabed Mechanism is that you don’t even have to remove the cushions. The cushions are attached to the sofa and stay there when you open or close the bed. No fussing with displaced couch cushions!

You can convert from sofa to bed in less than ten seconds. To open the bed, just pull forward at the top of the back cushion. The bed practically unfolds by itself. Just one simple motion and you’re done. This “one-move” configuration is pretty unique. It’s sophisticated, too, because you get ease of use, comfort, and durability all in one thanks to this opening mechanism.

Manufactured in Italy from a world-renowned sofa bed mechanism manufacturer, the frame is durable but also designed for your comfort. Our easy open beds are intended to be everyday sleepers. We ensure that you receive the same quality of a traditional mattress. How, do we do this? The frame has wood support slats like a traditional bed. And, like all our mattresses, you receive 5"" thick Memory Foam mattress to last a lifetime.</span>

<b>About Digio Furniture</b>

Digiò Leather is a brand whose value comes from the experience and the expertise of 26 years of business. Our focus is on materials, innovation and style to make remarkable frames with affordable prices. Established in the south of Italy and extremely tied to the handmade tradition, this brand is the portrayal of important work values and care of customers requests.

It’s important for us to give the best product to our customers, therefore we use only materials made in Italy processed in our factory. Each frame is characterized by aesthetic balance and contemporary design which grant exceptional comfort.

We are continuously striving to improve ourselves and our products, we pay attention to the new technologies, to the research and development in order to achieve our aim: to get a product with  a unique design and let the customers find out what they are looking for.

</div>
</div>
<div class=""accordionBlock pos1""></div>
<div class=""accordionBlock pos3""><button id=""ShippingInformationbutton"" class=""accordion pos3"">Shipping Information</button>
<div id=""desktopShippingInformationpanel"" class=""panel pos3"">

&nbsp;

&nbsp;

&nbsp;

</div>
</div>
<div class=""accordionBlock""></div>
<div class=""accordionBlock pos2"">Elegant button tufts throughout
<div id=""desktopFeaturesDescriptionpanel"" class=""panel pos2"">
<ul>
 	<li>Wooden Legs</li>
 	<li>Galvanised Steel Frame with Solid wood parts for long life</li>
 	<li>Premium Memory Foam Mattress with 5"" thickness</li>
 	<li>100% Top Grain Leather</li>
 	<li>Metal Decking for long life</li>
 	<li>Cushion Material - Ecoflex high resiliency foam</li>
 	<li>Exceptionally Comfortable Sleeping Surface</li>
 	<li>Easy Open Sofabed mechanism with no need to remove cushions</li>
 	<li>Convert sofa to bed in less than ten seconds</li>
</ul>
</div>
</div>
</div>
</div>
</div>
</div>
</div>",,publish,,0,"2022-09-18 13:33:58",1,open,,,,no,no,,2699,2000,,,,,,,instock,no,no,,no,taxable,,,,,,'-1,'-1,,,"https://sofafreedom.furniture/wp-content/uploads/2022/09/Callas_3_1800x1800.jpg ! alt :  ! title : Callas_3_1800x1800 ! desc :  ! caption :  | https://sofafreedom.furniture/wp-content/uploads/2022/09/Callas_2_1800x1800.jpg ! alt :  ! title : Callas_2_1800x1800 ! desc :  ! caption :  | https://sofafreedom.furniture/wp-content/uploads/2022/09/Callas_Kathy_Ireland_1800x1800.jpg ! alt :  ! title : Callas_Kathy_Ireland_1800x1800 ! desc :  ! caption :  | https://sofafreedom.furniture/wp-content/uploads/2022/09/Callas_6_1800x1800.jpg ! alt :  ! title : Callas_6_1800x1800 ! desc :  ! caption :  | https://sofafreedom.furniture/wp-content/uploads/2022/09/Callas_Sleeper_KathyIreland__2_1800x1800.jpg ! alt :  ! title : Callas_Sleeper_KathyIreland__2_1800x1800 ! desc :  ! caption :  | https://sofafreedom.furniture/wp-content/uploads/2022/09/Callas_5-1536x1024_1800x1800.jpg ! alt :  ! title : Callas_5-1536x1024_1800x1800 ! desc :  ! caption :  | https://sofafreedom.furniture/wp-content/uploads/2022/09/Callas_Sleeper_KathyIreland_1800x1800.jpg ! alt :  ! title : Callas_Sleeper_KathyIreland_1800x1800 ! desc :  ! caption :  | https://sofafreedom.furniture/wp-content/uploads/2022/09/Callas_Sleeper_KathyIreland__3_1800x1800.jpg ! alt :  ! title : Callas_Sleeper_KathyIreland__3_1800x1800 ! desc :  ! caption :  | https://sofafreedom.furniture/wp-content/uploads/2022/09/Kathy-Ireland_BG_Web_1800x1800.jpg ! alt :  ! title : Kathy-Ireland_BG_Web_1800x1800 ! desc :  ! caption : ",,https://sofafreedom.furniture/?product=kathy-ireland-callas-sleeper-sofa,0,simple,,Uncategorized,,
"West Level Loveseat Sleeper Queen Size",west-level-loveseat-sleeper-queen-size,,403,"<div class=""accordionBlock pos0"">
<div class=""left-portion-description"">
<div class=""grid__item medium-up--three-sixths"">
<div class=""left-portion-description"">
<h2 class=""feature-title"">Product Specs</h2>
</div>
<div id=""dimensionsPanel"">
<div class=""productDetailsContainer"">
<div class=""productDetailsWrapperOverall"">
<div class=""productDetailsTitle"">Dimensions (in)</div>
<div class=""productDetailsText"">W:74"" x D:40.5"" x H:35""</div>
</div>
<div class=""productDetailsWrapperOverall"">
<div class=""productDetailsTitle"">Series</div>
<div class=""productDetailsText"">West</div>
</div>
<div class=""productDetailsWrapperOverall"">
<div class=""productDetailsTitle"">Origin</div>
<div class=""productDetailsText"">Finland</div>
</div>
<div class=""productDetailsWrapperOverall"">
<div class=""productDetailsTitle"">Function</div>
<div class=""productDetailsText"">Level</div>
</div>
<div class=""productDetailsWrapperOverall"">
<div class=""productDetailsTitle"">Material</div>
<div class=""productDetailsText"">Metal, HR Foam</div>
</div>
<div class=""productDetailsWrapperOverall"">
<div class=""productDetailsTitle"">Color Class</div>
<div class=""productDetailsText"">Off-White, White</div>
</div>
<div class=""productDetailsWrapperOverall"">
<div class=""productDetailsTitle"">Finish</div>
<div class=""productDetailsText"">Chrome</div>
</div>
<div class=""productDetailsWrapperOverall"">
<div class=""productDetailsTitle"">Upholstery</div>
<div class=""productDetailsText"">Leather</div>
</div>
<div class=""productDetailsWrapperOverall"">
<div class=""productDetailsTitle"">Leather</div>
<div class=""productDetailsText"">Soft Antique</div>
</div>
<div class=""productDetailsWrapperOverall"">
<div class=""productDetailsTitle"">Arm Style</div>
<div class=""productDetailsText"">Track Arms</div>
</div>
<div class=""productDetailsWrapperOverall"">
<div class=""productDetailsTitle"">Seat Cushion Filling</div>
<div class=""productDetailsText"">HR Foam</div>
</div>
<div class=""productDetailsWrapperOverall"">
<div class=""productDetailsTitle"">Seat Cushion Type</div>
<div class=""productDetailsText"">Tight</div>
</div>
<div class=""productDetailsWrapperOverall"">
<div class=""productDetailsTitle"">Back Cushion Comfort</div>
<div class=""productDetailsText"">Medium</div>
</div>
<div class=""productDetailsWrapperOverall"">
<div class=""productDetailsTitle"">Back Cushion Type</div>
<div class=""productDetailsText"">Loose</div>
</div>
<div class=""productDetailsWrapperOverall"">
<div class=""productDetailsTitle"">Back Cushion Filling</div>
<div class=""productDetailsText"">Foam</div>
</div>
<div class=""productDetailsWrapperOverall"">
<div class=""productDetailsTitle"">Slipcovered</div>
<div class=""productDetailsText"">No</div>
</div>
<div class=""productDetailsWrapperOverall"">
<div class=""productDetailsTitle"">Number of Seats</div>
<div class=""productDetailsText"">2</div>
</div>
<div class=""productDetailsWrapperOverall"">
<div class=""productDetailsTitle"">Bed Size</div>
<div class=""productDetailsText"">Queen</div>
</div>
<div class=""productDetailsWrapperOverall"">
<div class=""productDetailsTitle"">Seat Dimensions</div>
<div class=""productDetailsText"">18"" H x 22"" D</div>
</div>
<div class=""productDetailsWrapperOverall"">
<div class=""productDetailsTitle"">Arm Dimensions</div>
<div class=""productDetailsText"">24.4"" H x 7"" W</div>
</div>
<div class=""productDetailsWrapperOverall"">
<div class=""productDetailsTitle"">Leg Height</div>
<div class=""productDetailsText"">2.5""</div>
</div>
<div class=""productDetailsWrapperOverall"">
<div class=""productDetailsTitle"">Bed Dimensions</div>
<div class=""productDetailsText"">60"" W x 82"" L</div>
</div>
<div class=""productDetailsWrapperOverall"">
<div class=""productDetailsTitle"">Depth Total (Bed Opened)</div>
<div class=""productDetailsText"">91""</div>
</div>
<div class=""productDetailsWrapperOverall"">
<div class=""productDetailsTitle"">Mattress Material</div>
<div class=""productDetailsText"">Foam Mattress</div>
</div>
<div class=""productDetailsWrapperOverall"">
<div class=""productDetailsTitle"">Mattress Thickness</div>
<div class=""productDetailsText"">6""</div>
</div>
<div class=""productDetailsWrapperOverall"">
<div class=""productDetailsTitle"">Density</div>
<div class=""productDetailsText"">2.2 lbs.</div>
</div>
<div class=""productDetailsWrapperOverall"">
<div class=""productDetailsTitle"">Suspension</div>
<div class=""productDetailsText"">No-Sag Springs</div>
</div>
<div class=""productDetailsWrapperOverall"">
<div class=""productDetailsTitle"">Weight Capacity</div>
<div class=""productDetailsText"">250 lbs.</div>
</div>
<div class=""productDetailsWrapperOverall"">
<div class=""productDetailsTitle"">Seat Weight limit</div>
<div class=""productDetailsText"">275 lbs.</div>
</div>
<div class=""productDetailsWrapperOverall"">
<div class=""productDetailsTitle"">Sleeping Unit Weight limit</div>
<div class=""productDetailsText"">550 lbs.</div>
</div>
<div class=""productDetailsWrapperOverall"">
<div class=""productDetailsTitle"">Product Sheet</div>
<div class=""productDetailsTitle"">An ultimate luxury loveseat sleeper sofa, that is supportive whether in seating or sleeping mode. Our attention to detail didn't stop there, our West Level Loveseat design team incorporated a transitional look that appeals to all ages and styles.</div>
</div>
</div>
</div>
</div>
<div class=""grid__item medium-up--three-sixths"">
<div class=""accordionSection showLg"">
<div class=""accordionBlockAria"">
<div class=""accordionBlock pos0"">
<div id=""desktopDescriptionpanel"" class=""panel pos0"">

<span style=""font-weight: 400;"">West is perfect for those who want a functional piece of furniture that looks its best. The ratchet headrests offer additional support, while its sleeper opens up with your selection of manual or powered operations, in one motion.

<strong>Level Function</strong>
This premium single motion function reveals its sleeper faster than any other function. Just lift the front panel and take a few steps back and you're done. Available as a cot, full or Queen size in Loveseats, West Level provides a comfortable experience whether sitting, sleeping or switching between the two.</span>

<b>About Luonto Furniture</b>
A focus on Scandinavian design and quality with an emphasis on functionality. Scandinavian design was a movement from the 1950’s based on simplicity, minimalism and functionality. A style that allows our design team to be flexible while staying on target and true to our roots. True to form, our furniture has the simple, clean lines you would expect and it is full of function! Whether you need the perfect sleeper sofa, additional storage, adjustable seating comfort, or more, we have solutions with style. Never one to compromise comfort, we take great pride in building our furniture for everyday use while incorporating functions that can make your life easier.
Luonto uses a combination of state-of-the-art technology and the expertise of their craftsmen to produce a sustainable, beautiful and functional product. Based in Finland, Luonto's manufacturing processes are part of the family business's heritage. ""This is not something we do to be on trend but rather it is done simply because it is where we come from and how we do things."" Luonto only uses locally sourced wood and recycles their wood waste by converting it into pellets that heat all three production lines, local schools and even one local town. ""With these methods and more we have a minimal footprint in making our product while helping others that can benefit from our byproducts.

</div>
</div>
</div>
</div>
</div>
</div>
</div>",,publish,,0,"2022-09-18 13:44:56",1,open,,,,no,no,,3699,2999,,,,,,,instock,no,no,,no,taxable,,,,,,'-1,'-1,,,"https://sofafreedom.furniture/wp-content/uploads/2022/09/Luonto_West_Power_SA0000_Room_Closed_Medium_59152c8a-eaa6-4b71-9dd1-c505883248aa_1800x1800.jpg ! alt :  ! title : Luonto_West_Power_SA0000_Room_Closed_Medium_59152c8a-eaa6-4b71-9dd1-c505883248aa_1800x1800 ! desc :  ! caption :  | https://sofafreedom.furniture/wp-content/uploads/2022/09/West_IMG_1266_1800x1800.jpg ! alt :  ! title : West_IMG_1266_1800x1800 ! desc :  ! caption :  | https://sofafreedom.furniture/wp-content/uploads/2022/09/West_IMG_1265_1800x1800.jpg ! alt :  ! title : West_IMG_1265_1800x1800 ! desc :  ! caption :  | https://sofafreedom.furniture/wp-content/uploads/2022/09/West_IMG_1263_1800x1800.jpg ! alt :  ! title : West_IMG_1263_1800x1800 ! desc :  ! caption :  | https://sofafreedom.furniture/wp-content/uploads/2022/09/West_IMG_1264_1800x1800.jpg ! alt :  ! title : West_IMG_1264_1800x1800 ! desc :  ! caption :  | https://sofafreedom.furniture/wp-content/uploads/2022/09/West_IMG_1257_1800x1800.jpg ! alt :  ! title : West_IMG_1257_1800x1800 ! desc :  ! caption :  | https://sofafreedom.furniture/wp-content/uploads/2022/09/West_IMG_1256_1800x1800.jpg ! alt :  ! title : West_IMG_1256_1800x1800 ! desc :  ! caption :  | https://sofafreedom.furniture/wp-content/uploads/2022/09/West_IMG_1252_1800x1800.jpg ! alt :  ! title : West_IMG_1252_1800x1800 ! desc :  ! caption :  | https://sofafreedom.furniture/wp-content/uploads/2022/09/West_IMG_1254_1800x1800.jpg ! alt :  ! title : West_IMG_1254_1800x1800 ! desc :  ! caption :  | https://sofafreedom.furniture/wp-content/uploads/2022/09/West_IMG_1255_1800x1800.jpg ! alt :  ! title : West_IMG_1255_1800x1800 ! desc :  ! caption :  | https://sofafreedom.furniture/wp-content/uploads/2022/09/Luonto_West_Power_SA0000_Room_Open_Medium_492781e1-8460-4d35-b9bf-b0f62ff35254_1800x1800.jpg ! alt :  ! title : Luonto_West_Power_SA0000_Room_Open_Medium_492781e1-8460-4d35-b9bf-b0f62ff35254_1800x1800 ! desc :  ! caption : ",,https://sofafreedom.furniture/?product=west-level-loveseat-sleeper-queen-size,0,simple,,Uncategorized,,
"Cavour Mansion Italian Leather Sectional",cavour-mansion-italian-leather-sectional,,415,"<div class=""accordionBlock pos0"">
<div class=""left-portion-description"">
<div class=""grid__item medium-up--three-sixths"">
<div class=""left-portion-description"">
<h2 class=""feature-title"">Product Specs</h2>
</div>
<div id=""dimensionsPanel"">
<div class=""productDetailsContainer"">
<div class=""productDetailsWrapperOverall"">
<div class=""productDetailsTitle"">Dimensions</div>
<div class=""productDetailsText"">L:117.5"" x D:88.6""</div>
</div>
<div class=""productDetailsWrapperOverall"">
<div class=""productDetailsTitle"">Height</div>
<div class=""productDetailsText"">28.7"" - 37.8""</div>
</div>
<div class=""productDetailsWrapperOverall"">
<div class=""productDetailsTitle"">Seat Height</div>
<div class=""productDetailsText"">17.3""</div>
</div>
<div class=""productDetailsWrapperOverall"">
<div class=""productDetailsTitle"">Whole Depth</div>
<div class=""productDetailsText"">41.3""</div>
</div>
<div class=""productDetailsWrapperOverall"">
<div class=""productDetailsTitle"">Seat Depth</div>
<div class=""productDetailsText"">21.7""</div>
</div>
<div class=""productDetailsWrapperOverall"">
<div class=""productDetailsTitle"">Designed In</div>
<div class=""productDetailsText"">Italy</div>
</div>
<div class=""productDetailsWrapperOverall"">
<div class=""productDetailsTitle"">Color</div>
<div class=""productDetailsText"">White &amp; Light Gray</div>
</div>
<div class=""productDetailsWrapperOverall"">
<div class=""productDetailsTitle"">Material</div>
<div class=""productDetailsText"">Top Grain Italian Leather</div>
</div>
<div class=""productDetailsWrapperOverall"">
<div class=""productDetailsTitle"">Leg Material</div>
<div class=""productDetailsText"">Stainless Steel</div>
</div>
<div class=""productDetailsWrapperOverall"">
<div class=""productDetailsTitle"">Seat Firmness</div>
<div class=""productDetailsText"">Medium Firm</div>
</div>
<div class=""productDetailsWrapperOverall"">
<div class=""productDetailsTitle"">Configurations</div>
<div class=""productDetailsText"">Right Hand or Left Hand Facing Chaise</div>
</div>
<div class=""productDetailsWrapperOverall"">
<div class=""productDetailsTitle"">Seat Fill</div>
<div class=""productDetailsText"">90% High Density Foam 10% synthetic fiber</div>
</div>
<div class=""productDetailsWrapperOverall"">
<div class=""productDetailsTitle"">Style</div>
<div class=""productDetailsText"">Modern / Contemporary</div>
</div>
<div class=""productDetailsWrapperOverall"">
<div class=""productDetailsTitle"">Product Weight</div>
<div class=""productDetailsText"">320lb</div>
</div>
<div class=""productDetailsWrapperOverall"">
<div class=""productDetailsTitle"">Weight Capacity</div>
<div class=""productDetailsText"">950lb</div>
</div>
</div>
</div>
</div>
<div class=""grid__item medium-up--three-sixths"">
<div class=""accordionSection showLg"">
<div class=""accordionBlockAria"">
<div class=""accordionBlock pos0""><button id=""desktopDescriptionbutton"" class=""accordion active pos0"">Description</button>
<div id=""desktopDescriptionpanel"" class=""panel pos0"">
<p align=""justify""><span style=""font-weight: 400;"">
Made with the best top grain Italian leather; the Cavour Mansion Italian Leather Sectional combines form and function into a work of art. This Sectional Sofa ONLY Add a sleek and sophisticated style to a modern living room with the exceptional Cavour corner sectional collection. The sleek design together with premium construction quality make this sectional a unique piece that can change any living room decor. Features adjustable headrests and armrest for maximum functionality &amp; durable stainless steel legs. The headrest with padded adjustable that feature a ratchet system for ease of comfort. The Cavour sectional is available 2 configurations.

<b>Care</b>
To keep your leather seating looking its best, avoid placing it in direct sunlight or near a heat source. Rub out minor scratches lightly with a finger. For oil-based spots and spills, wipe up any excess with a clean, dry cloth. Do not apply water. Rather, leave the spot alone: In most cases the spot should dissipate into the leather after a period of time. For permanent stains or thorough cleanings, we recommend contacting a leather specialist. For periodic cleaning and maintenance, we recommend Leather Repair Kits (available for purchase in store and online).</span></p>

</div>
</div>
</div>
</div>
</div>
</div>
</div>",,publish,,0,"2022-09-18 13:49:11",1,open,,,,no,no,,5100,3999,,,,,,,instock,no,no,,no,taxable,,,,,,'-1,'-1,,,"https://sofafreedom.furniture/wp-content/uploads/2022/09/CavourMansionItalianLeatherSectional-image-9_1800x1800.jpg ! alt :  ! title : CavourMansionItalianLeatherSectional-image-9_1800x1800 ! desc :  ! caption :  | https://sofafreedom.furniture/wp-content/uploads/2022/09/CavourMansionItalianLeatherSectional-image-5_1800x1800.jpg ! alt :  ! title : CavourMansionItalianLeatherSectional-image-5_1800x1800 ! desc :  ! caption :  | https://sofafreedom.furniture/wp-content/uploads/2022/09/CavourMansionItalianLeatherSectional-image-4_1800x1800.jpg ! alt :  ! title : CavourMansionItalianLeatherSectional-image-4_1800x1800 ! desc :  ! caption :  | https://sofafreedom.furniture/wp-content/uploads/2022/09/CavourMansionItalianLeatherSectional-image-3_1800x1800.jpg ! alt :  ! title : CavourMansionItalianLeatherSectional-image-3_1800x1800 ! desc :  ! caption :  | https://sofafreedom.furniture/wp-content/uploads/2022/09/CavourMansionItalianLeatherSectional-image-1_1800x1800.jpg ! alt :  ! title : CavourMansionItalianLeatherSectional-image-1_1800x1800 ! desc :  ! caption :  | https://sofafreedom.furniture/wp-content/uploads/2022/09/CavourMansionItalianLeatherSectional-image-2_1800x1800.jpg ! alt :  ! title : CavourMansionItalianLeatherSectional-image-2_1800x1800 ! desc :  ! caption :  | https://sofafreedom.furniture/wp-content/uploads/2022/09/CavourMansionItalianLeatherSectional-image-7_1800x1800.jpg ! alt :  ! title : CavourMansionItalianLeatherSectional-image-7_1800x1800 ! desc :  ! caption :  | https://sofafreedom.furniture/wp-content/uploads/2022/09/CavourMansionItalianLeatherSectional-image-6_1800x1800.jpg ! alt :  ! title : CavourMansionItalianLeatherSectional-image-6_1800x1800 ! desc :  ! caption :  | https://sofafreedom.furniture/wp-content/uploads/2022/09/CavourMansionItalianLeatherSectional-image-8_1800x1800.jpg ! alt :  ! title : CavourMansionItalianLeatherSectional-image-8_1800x1800 ! desc :  ! caption : ",,https://sofafreedom.furniture/?product=cavour-mansion-italian-leather-sectional,0,simple,,Uncategorized,,
